id,first_name,last_name,email,gender,ip_address
1,Claire,Newling,cnewling0@nih.gov,Male,22.30.47.40
2,Maitilde,Morffew,mmorffew1@ehow.com,Female,217.120.194.164
3,Dee,Drought,ddrought2@theglobeandmail.com,Female,237.120.244.65
4,Dora,Prosh,dprosh3@washingtonpost.com,Polygender,18.216.138.125
5,Janna,MacGoun,jmacgoun4@ning.com,Genderfluid,83.245.175.112
6,Clemmy,Romushkin,cromushkin5@mapquest.com,Male,187.242.117.234
7,Sansone,Morch,smorch6@bbb.org,Male,164.224.105.53
8,Kori,Upton,kupton7@europa.eu,Female,172.230.27.88
9,Bee,Ambrus,bambrus8@last.fm,Agender,163.199.4.43
10,Arley,Walkingshaw,awalkingshaw9@cbslocal.com,Male,120.36.176.182
11,Marleen,Littlekit,mlittlekita@cbslocal.com,Female,15.8.204.126
12,Madge,Pykerman,mpykermanb@deviantart.com,Female,159.161.102.244
13,Fanya,Lassells,flassellsc@printfriendly.com,Female,69.95.114.149
14,Amberly,Cafe,acafed@google.com.au,Female,45.123.199.191
15,Rowen,Stormouth,rstormouthe@ebay.co.uk,Male,139.74.184.250
16,Anselma,Yarrell,ayarrellf@youtube.com,Female,22.49.251.39
17,Putnem,Rush,prushg@yellowpages.com,Male,156.198.207.111
18,Doy,Gentil,dgentilh@miitbeian.gov.cn,Male,78.135.221.118
19,Buck,Fenelon,bfeneloni@ted.com,Male,164.111.230.24
20,Giffard,Billitteri,gbillitterij@indiatimes.com,Male,72.250.57.100
21,Anetta,Arboin,aarboink@hibu.com,Female,48.226.231.91
22,Eduino,Kliemchen,ekliemchenl@xrea.com,Male,186.9.76.246
23,Carr,Coathup,ccoathupm@webnode.com,Male,201.65.228.132
24,Gennie,Hymer,ghymern@ucoz.com,Female,84.103.26.72
25,Hillary,Farquharson,hfarquharsono@istockphoto.com,Female,221.146.150.52
26,Sidoney,Nowell,snowellp@twitpic.com,Female,52.108.245.192
27,Devin,Egdale,degdaleq@nature.com,Male,80.66.174.119
28,Hamil,Ruzek,hruzekr@rakuten.co.jp,Male,38.219.16.16
29,Shea,Husselbee,shusselbees@shop-pro.jp,Female,54.147.50.252
30,Caspar,Cortnay,ccortnayt@arizona.edu,Bigender,217.40.52.8
31,Bendix,Redhills,bredhillsu@npr.org,Male,157.18.182.234
32,Mar,Cookson,mcooksonv@surveymonkey.com,Male,213.30.192.162
33,Tad,M'Chirrie,tmchirriew@narod.ru,Male,15.235.134.48
34,Cheslie,Lasselle,classellex@uol.com.br,Female,26.213.28.17
35,Dora,Worts,dwortsy@usnews.com,Female,165.244.218.103
36,Haven,Masterman,hmastermanz@oracle.com,Male,209.251.228.147
37,Sylvan,Attenbrow,sattenbrow10@istockphoto.com,Male,146.7.130.83
38,Jolene,Capehorn,jcapehorn11@nasa.gov,Female,140.237.222.15
39,Steffi,Wakeman,swakeman12@umn.edu,Female,68.243.236.44
40,Brian,Scripture,bscripture13@nydailynews.com,Male,13.21.119.53
41,Joelly,Skivington,jskivington14@noaa.gov,Female,23.31.112.157
42,Denney,Huggons,dhuggons15@domainmarket.com,Male,212.132.79.197
43,Leeann,Lydiatt,llydiatt16@shareasale.com,Female,142.46.80.78
44,Ash,Prendergrass,aprendergrass17@ebay.com,Male,44.185.250.44
45,Hardy,Ogilby,hogilby18@foxnews.com,Male,255.30.61.44
46,Derward,Pankethman,dpankethman19@businessweek.com,Male,27.152.200.236
47,Gareth,Blackler,gblackler1a@tiny.cc,Male,102.218.32.34
48,Elnar,Matussov,ematussov1b@shareasale.com,Male,61.115.143.189
49,Maye,Neilly,mneilly1c@diigo.com,Female,253.79.107.254
50,Erek,Maunders,emaunders1d@ocn.ne.jp,Male,149.252.155.139
51,Mariele,Caslane,mcaslane1e@unicef.org,Female,27.111.10.197
52,Cheslie,Lawless,clawless1f@sohu.com,Agender,57.67.169.181
53,Martie,Doonican,mdoonican1g@moonfruit.com,Male,142.92.172.218
54,Andrej,Bazoge,abazoge1h@va.gov,Male,98.67.206.224
55,Reuven,Bee,rbee1i@blinklist.com,Male,253.184.206.14
56,Lanni,Alten,lalten1j@webmd.com,Female,52.191.154.30
57,Lawrence,Skones,lskones1k@wufoo.com,Male,118.248.189.35
58,Evvie,Mathison,emathison1l@ox.ac.uk,Female,85.29.2.35
59,Haley,Malby,hmalby1m@marriott.com,Male,144.225.237.33
60,Elsey,Ivetts,eivetts1n@instagram.com,Female,102.190.204.145
61,Clarence,Falvey,cfalvey1o@multiply.com,Male,35.60.244.39
62,Vivie,De Rechter,vderechter1p@usnews.com,Female,94.143.164.199
63,Vincents,Brackpool,vbrackpool1q@bloglovin.com,Male,81.190.134.251
64,Derek,Killough,dkillough1r@engadget.com,Male,219.92.191.32
65,Berky,Scoggans,bscoggans1s@1und1.de,Male,212.59.16.13
66,Jeffry,Heap,jheap1t@wunderground.com,Male,227.32.190.127
67,Caryl,Brummitt,cbrummitt1u@theguardian.com,Female,247.91.3.176
68,Jamey,Swansbury,jswansbury1v@google.com.hk,Genderfluid,161.38.87.123
69,Isaiah,Andrews,iandrews1w@purevolume.com,Male,172.130.106.1
70,Oneida,Poll,opoll1x@lycos.com,Female,118.128.195.195
71,Roanna,Bearman,rbearman1y@bing.com,Female,59.82.243.196
72,Gaile,Woodger,gwoodger1z@msn.com,Male,134.224.50.105
73,Evangelina,Vasilkov,evasilkov20@usatoday.com,Female,0.27.162.209
74,Debera,Trippick,dtrippick21@dmoz.org,Female,87.48.157.41
75,Christian,Nollet,cnollet22@mit.edu,Male,14.251.61.189
76,Huntington,Outhwaite,houthwaite23@zdnet.com,Male,27.104.215.26
77,Davin,Easun,deasun24@wikia.com,Male,95.154.141.83
78,Kim,Gianolo,kgianolo25@go.com,Female,48.28.146.238
79,Lolly,MacGray,lmacgray26@weibo.com,Female,7.57.242.34
80,Yvonne,Preshaw,ypreshaw27@sakura.ne.jp,Female,213.126.94.49
81,Ardella,Carley,acarley28@networkadvertising.org,Female,66.180.90.53
82,Wolf,Kernermann,wkernermann29@meetup.com,Male,92.162.21.36
83,Isak,Besnardeau,ibesnardeau2a@dagondesign.com,Genderqueer,226.118.167.169
84,Ailina,Nevill,anevill2b@qq.com,Female,105.208.84.210
85,Lewie,Backshall,lbackshall2c@rediff.com,Male,108.234.210.39
86,Josie,Bagniuk,jbagniuk2d@princeton.edu,Female,251.209.102.248
87,Xever,Gonthier,xgonthier2e@dagondesign.com,Genderfluid,170.23.53.34
88,Carlita,Eric,ceric2f@pcworld.com,Female,79.38.255.88
89,Leesa,Udell,ludell2g@telegraph.co.uk,Female,33.77.158.53
90,Zorana,Bussy,zbussy2h@disqus.com,Female,181.28.65.158
91,Guillemette,Willes,gwilles2i@ox.ac.uk,Polygender,205.5.122.6
92,Ignatius,Airdrie,iairdrie2j@istockphoto.com,Male,57.253.8.236
93,Roxi,De Brett,rdebrett2k@unicef.org,Female,6.187.21.75
94,Haydon,Kesteven,hkesteven2l@ycombinator.com,Male,214.248.115.34
95,Jacinda,Norvell,jnorvell2m@discuz.net,Female,118.186.187.249
96,Terencio,O'Caine,tocaine2n@newyorker.com,Male,235.157.170.46
97,Hedwiga,Minshull,hminshull2o@geocities.com,Female,233.79.12.220
98,Eunice,Duggan,eduggan2p@merriam-webster.com,Genderqueer,207.130.200.179
99,Morley,Brimicombe,mbrimicombe2q@trellian.com,Male,93.127.52.167
100,Melesa,Sommerly,msommerly2r@arstechnica.com,Female,18.184.158.82
101,Aida,Floris,afloris2s@comcast.net,Female,211.37.161.61
102,Aldridge,Claus,aclaus2t@behance.net,Male,160.34.101.59
103,Jinny,Yeoman,jyeoman2u@typepad.com,Female,30.60.52.129
104,Clemente,McCarthy,cmccarthy2v@statcounter.com,Male,238.168.156.153
105,Giusto,Merman,gmerman2w@howstuffworks.com,Male,57.88.9.95
106,Harlie,Goodfield,hgoodfield2x@spotify.com,Female,101.6.222.129
107,Nil,Fance,nfance2y@aboutads.info,Male,28.195.18.106
108,Ivan,Floris,ifloris2z@devhub.com,Polygender,68.180.29.80
109,Barthel,Fischer,bfischer30@drupal.org,Male,189.111.214.156
110,Idaline,Lokier,ilokier31@cloudflare.com,Female,237.60.127.34
111,Tyrone,Waby,twaby32@nbcnews.com,Male,39.245.147.43
112,Dianemarie,Assad,dassad33@about.me,Female,136.194.47.80
113,Gherardo,Yggo,gyggo34@ucoz.com,Male,146.121.50.198
114,Rae,Fremantle,rfremantle35@tinypic.com,Female,45.169.71.182
115,Peyter,Cannell,pcannell36@answers.com,Male,127.92.15.211
116,Siusan,Blondin,sblondin37@npr.org,Female,120.15.107.194
117,Ripley,Slayton,rslayton38@elpais.com,Male,20.214.110.191
118,Brandais,Breedy,bbreedy39@yellowbook.com,Female,207.39.48.84
119,Linnell,Oxteby,loxteby3a@topsy.com,Female,173.227.123.222
120,Trish,Loxly,tloxly3b@usgs.gov,Female,102.123.117.180
121,Brantley,Graser,bgraser3c@wikispaces.com,Male,209.141.198.46
122,Jess,Vardon,jvardon3d@go.com,Female,88.116.239.5
123,Arther,Sibbons,asibbons3e@intel.com,Male,64.27.153.93
124,Delores,Mueller,dmueller3f@discuz.net,Female,34.26.103.188
125,Peggi,McGeaney,pmcgeaney3g@flavors.me,Female,170.181.163.157
126,Emmi,Mochan,emochan3h@pinterest.com,Female,242.43.189.137
127,Aland,Bartaletti,abartaletti3i@cornell.edu,Male,120.28.208.121
128,Celestia,Pieracci,cpieracci3j@china.com.cn,Female,95.128.91.114
129,Ester,Baford,ebaford3k@washingtonpost.com,Female,193.181.76.96
130,Udale,Vardy,uvardy3l@sciencedaily.com,Male,35.21.253.184
131,Yule,Hulbert,yhulbert3m@prlog.org,Male,45.70.109.91
132,Doug,Scopes,dscopes3n@intel.com,Male,235.208.162.45
133,Flint,Piddle,fpiddle3o@tuttocitta.it,Male,78.118.191.93
134,Rebecca,Haldin,rhaldin3p@uiuc.edu,Female,85.178.177.0
135,Nan,Drewes,ndrewes3q@forbes.com,Female,251.33.255.111
136,Lorry,Fairnington,lfairnington3r@addtoany.com,Female,132.201.247.1
137,Shamus,Fenton,sfenton3s@ucoz.com,Male,249.29.172.125
138,Gerta,Denzey,gdenzey3t@sciencedaily.com,Female,205.194.81.129
139,Miguel,Kenlin,mkenlin3u@cornell.edu,Male,134.171.157.158
140,Katharine,Boschmann,kboschmann3v@live.com,Female,218.197.232.80
141,Calli,Proschek,cproschek3w@statcounter.com,Female,161.114.28.220
142,Granville,Donalson,gdonalson3x@opera.com,Male,147.72.66.188
143,Steve,Kas,skas3y@redcross.org,Male,236.55.15.191
144,Vito,Manson,vmanson3z@moonfruit.com,Male,77.92.77.58
145,Portie,Kirvin,pkirvin40@trellian.com,Male,28.132.122.221
146,Shelley,Christou,schristou41@360.cn,Female,203.196.31.254
147,Lottie,Bremmer,lbremmer42@timesonline.co.uk,Female,195.4.109.248
148,Rolando,Jeavon,rjeavon43@goodreads.com,Male,222.18.102.104
149,Dee dee,Goodsall,dgoodsall44@youtu.be,Female,25.88.41.170
150,Joshuah,Olin,jolin45@lulu.com,Male,146.162.136.245
151,Adey,Flavelle,aflavelle46@columbia.edu,Female,114.204.70.34
152,Lucienne,Bundey,lbundey47@yelp.com,Female,57.89.181.88
153,Isidor,Althrop,ialthrop48@aboutads.info,Bigender,46.50.147.160
154,Tymon,Bennet,tbennet49@mac.com,Male,222.251.24.61
155,Angeline,Hayto,ahayto4a@unc.edu,Female,51.177.58.13
156,Ivonne,Greeve,igreeve4b@list-manage.com,Female,11.231.227.106
157,Sutherland,Rosa,srosa4c@reddit.com,Male,150.218.98.112
158,Maureen,Manuello,mmanuello4d@ebay.com,Female,91.147.77.178
159,Vanna,Moorey,vmoorey4e@harvard.edu,Female,145.162.92.142
160,Anthea,Kleinplatz,akleinplatz4f@naver.com,Genderqueer,127.251.76.166
161,Jammie,Souley,jsouley4g@ezinearticles.com,Female,45.186.233.248
162,Kearney,Purchall,kpurchall4h@123-reg.co.uk,Male,226.239.189.84
163,Tuesday,Swithenby,tswithenby4i@netlog.com,Female,50.12.33.202
164,Alexis,Piatto,apiatto4j@unicef.org,Male,75.57.163.123
165,Fleur,Mylechreest,fmylechreest4k@auda.org.au,Female,252.180.165.39
166,Adah,Braferton,abraferton4l@delicious.com,Female,162.9.169.250
167,Dannie,Milligan,dmilligan4m@desdev.cn,Female,3.165.236.156
168,Gwenneth,Sidebotton,gsidebotton4n@shutterfly.com,Female,15.43.142.43
169,Leia,Tolman,ltolman4o@zdnet.com,Female,223.161.20.228
170,Melisse,Smyley,msmyley4p@t-online.de,Female,173.236.78.25
171,Estevan,Bockett,ebockett4q@livejournal.com,Male,158.202.207.34
172,Veronika,Gierke,vgierke4r@tripod.com,Female,214.30.235.153
173,Darill,Lillford,dlillford4s@bluehost.com,Male,69.7.111.253
174,Mireielle,Waleran,mwaleran4t@imgur.com,Female,30.75.194.180
175,Kippy,Fawlo,kfawlo4u@sciencedaily.com,Female,78.91.137.166
176,Amye,Rizzetti,arizzetti4v@sciencedirect.com,Female,36.217.233.159
177,Eddi,Thoresby,ethoresby4w@unc.edu,Female,211.231.39.23
178,Whittaker,Lantaph,wlantaph4x@dion.ne.jp,Male,237.194.82.129
179,Emmeline,Du Fray,edufray4y@nature.com,Female,5.82.111.237
180,Meade,Burgin,mburgin4z@tiny.cc,Male,192.50.114.162
181,Levon,Macklam,lmacklam50@rediff.com,Male,125.156.153.244
182,Myrah,Waren,mwaren51@reddit.com,Female,12.48.95.176
183,Brande,Olsen,bolsen52@printfriendly.com,Agender,87.52.138.57
184,Kristan,Cutford,kcutford53@google.com.au,Female,220.209.180.71
185,Aura,Burland,aburland54@123-reg.co.uk,Female,99.51.16.95
186,Derril,Ratie,dratie55@pbs.org,Male,56.113.228.225
187,Elmore,Bautiste,ebautiste56@technorati.com,Male,206.45.109.72
188,Ivan,Dickin,idickin57@telegraph.co.uk,Male,97.176.97.32
189,Robbie,Wrightam,rwrightam58@goodreads.com,Female,211.63.143.101
190,Ron,Winchester,rwinchester59@printfriendly.com,Male,207.88.161.99
191,Erich,Grafhom,egrafhom5a@comcast.net,Male,160.99.71.86
192,Cesare,Southerell,csoutherell5b@goo.ne.jp,Male,159.157.81.225
193,Donni,Griffin,dgriffin5c@ameblo.jp,Female,86.163.230.98
194,Crawford,Closs,ccloss5d@cnet.com,Male,44.240.201.42
195,Dore,Mixture,dmixture5e@economist.com,Polygender,54.91.176.36
196,Terrye,Ten Broek,ttenbroek5f@sfgate.com,Female,10.82.80.49
197,Ginger,Seabrocke,gseabrocke5g@senate.gov,Female,144.202.1.230
198,Dosi,O'Caine,docaine5h@senate.gov,Female,252.21.100.250
199,Dorri,Hallawell,dhallawell5i@omniture.com,Female,135.174.235.83
200,Tami,Alvarado,talvarado5j@soundcloud.com,Female,55.66.23.72
201,Shayne,Vondrak,svondrak5k@storify.com,Female,173.229.5.94
202,Marcellina,MacMarcuis,mmacmarcuis5l@gravatar.com,Female,25.247.133.6
203,Aindrea,Burnard,aburnard5m@xinhuanet.com,Female,127.53.51.253
204,Bealle,Doonican,bdoonican5n@netlog.com,Male,63.28.97.34
205,Saul,Cominetti,scominetti5o@creativecommons.org,Polygender,170.205.119.5
206,Balduin,Camelin,bcamelin5p@yale.edu,Male,125.227.26.91
207,Lita,McCusker,lmccusker5q@creativecommons.org,Female,55.27.243.74
208,Ann-marie,Turneaux,aturneaux5r@typepad.com,Female,223.227.226.1
209,Edik,Wilkinson,ewilkinson5s@cmu.edu,Male,54.245.96.80
210,Galvin,Elner,gelner5t@oaic.gov.au,Male,63.141.167.154
211,Johnathan,Shay,jshay5u@eventbrite.com,Male,11.26.5.16
212,Dewain,Fetherston,dfetherston5v@comsenz.com,Male,174.139.254.106
213,Yolanda,Tibald,ytibald5w@engadget.com,Female,120.241.80.239
214,Sascha,Boich,sboich5x@google.cn,Male,212.63.66.205
215,Sigmund,Rousell,srousell5y@skyrock.com,Male,9.213.221.198
216,Nikola,Chilley,nchilley5z@blogger.com,Agender,1.173.132.248
217,Min,Orme,morme60@list-manage.com,Female,125.109.171.151
218,Jabez,Turville,jturville61@dion.ne.jp,Male,99.144.11.130
219,Casi,Meran,cmeran62@google.co.uk,Female,193.59.188.63
220,Jean,Crystal,jcrystal63@mayoclinic.com,Male,247.175.165.95
221,Chloe,Hinken,chinken64@ow.ly,Female,21.192.214.160
222,Andonis,Glaves,aglaves65@deliciousdays.com,Agender,160.150.225.14
223,Jewell,Mityashev,jmityashev66@auda.org.au,Female,47.127.94.99
224,Arthur,Trenchard,atrenchard67@symantec.com,Male,159.155.160.87
225,Eva,O'Ferris,eoferris68@msu.edu,Female,56.103.80.230
226,Egan,Standrin,estandrin69@jiathis.com,Male,172.241.106.55
227,Niccolo,Rimbault,nrimbault6a@engadget.com,Male,114.140.19.40
228,Goran,Atyea,gatyea6b@vistaprint.com,Male,225.123.21.43
229,Giffer,Stoffel,gstoffel6c@macromedia.com,Genderfluid,182.239.118.226
230,Ashlen,Cockshutt,acockshutt6d@github.io,Female,222.202.87.246
231,Stephani,Jerger,sjerger6e@dot.gov,Female,176.5.126.189
232,Thia,Blackmoor,tblackmoor6f@huffingtonpost.com,Female,53.196.16.141
233,Margeaux,Ruppert,mruppert6g@sohu.com,Female,179.247.175.143
234,Robby,Phillip,rphillip6h@shutterfly.com,Female,221.128.45.18
235,Chloe,Bodimeade,cbodimeade6i@msu.edu,Female,94.130.160.97
236,Rebeca,Colleran,rcolleran6j@icq.com,Female,1.113.39.6
237,Fredericka,Dovidian,fdovidian6k@sfgate.com,Female,238.121.201.219
238,Isadore,Szantho,iszantho6l@twitter.com,Male,192.5.75.224
239,Tiphani,Pandie,tpandie6m@flavors.me,Female,32.210.21.200
240,Conrado,Chesters,cchesters6n@shinystat.com,Male,225.144.17.249
241,Ludovika,Archley,larchley6o@opera.com,Female,63.8.247.55
242,Pamela,Nazair,pnazair6p@istockphoto.com,Female,78.54.217.44
243,Dexter,Hazeldene,dhazeldene6q@altervista.org,Male,102.45.253.4
244,Erminie,Sidery,esidery6r@google.pl,Female,215.206.28.189
245,Brenda,Wythe,bwythe6s@fda.gov,Female,140.31.128.236
246,Karl,Ferns,kferns6t@over-blog.com,Male,149.69.126.40
247,Carl,Kimbell,ckimbell6u@jiathis.com,Male,60.246.74.151
248,Saundra,Braxay,sbraxay6v@delicious.com,Male,40.170.60.107
249,Orly,Harkess,oharkess6w@icio.us,Female,136.54.74.221
250,Ayn,McElree,amcelree6x@livejournal.com,Female,74.18.72.32
251,Garfield,Stranio,gstranio6y@histats.com,Polygender,218.149.214.164
252,Dora,Sacco,dsacco6z@mac.com,Genderfluid,13.147.153.38
253,Ray,Ceaser,rceaser70@google.com.hk,Female,9.171.170.72
254,Amalita,Ordelt,aordelt71@woothemes.com,Female,255.110.132.89
255,Sandye,MacShirie,smacshirie72@zimbio.com,Female,100.100.60.59
256,Eldin,Fealty,efealty73@hc360.com,Male,172.251.18.18
257,Kendricks,Serotsky,kserotsky74@theguardian.com,Male,65.41.179.7
258,Chrisy,de Courcy,cdecourcy75@tripadvisor.com,Male,45.9.128.211
259,Alana,Fullstone,afullstone76@so-net.ne.jp,Genderfluid,23.66.124.120
260,Paxon,Wybron,pwybron77@sphinn.com,Non-binary,173.43.231.61
261,Cory,Fratson,cfratson78@wordpress.org,Male,221.115.132.111
262,Jeannette,Imbrey,jimbrey79@t-online.de,Female,214.166.4.16
263,Rabbi,Aggott,raggott7a@wiley.com,Male,48.58.185.167
264,Waneta,Kingscote,wkingscote7b@twitter.com,Female,181.132.126.214
265,Killy,Jehaes,kjehaes7c@oakley.com,Male,58.198.235.102
266,Timofei,Hulk,thulk7d@networkadvertising.org,Male,195.117.250.206
267,Heather,Billyard,hbillyard7e@youtu.be,Female,160.239.143.91
268,Analiese,Caush,acaush7f@jiathis.com,Female,177.88.2.90
269,Nollie,Beaglehole,nbeaglehole7g@admin.ch,Male,45.248.123.178
270,Vincenz,Cowperthwaite,vcowperthwaite7h@jiathis.com,Male,39.247.18.124
271,Corabella,Jacks,cjacks7i@etsy.com,Female,83.57.64.53
272,Price,Fawlo,pfawlo7j@globo.com,Male,206.151.56.43
273,Kelsey,Veeler,kveeler7k@stanford.edu,Male,43.136.82.250
274,Adelaida,Blas,ablas7l@de.vu,Female,16.59.206.123
275,Eva,Espinet,eespinet7m@who.int,Female,19.233.185.244
276,Cecil,Jacobowicz,cjacobowicz7n@creativecommons.org,Male,16.131.230.66
277,Shandee,Pietesch,spietesch7o@imdb.com,Female,248.81.0.204
278,Ellissa,De la Yglesia,edelayglesia7p@freewebs.com,Female,16.242.233.175
279,Desiri,Wybrew,dwybrew7q@java.com,Female,95.76.108.39
280,Stephen,Wace,swace7r@example.com,Male,138.77.238.174
281,Sukey,Darton,sdarton7s@google.com,Female,11.106.216.233
282,Smith,Wharlton,swharlton7t@rakuten.co.jp,Male,220.54.129.168
283,Minta,Fellis,mfellis7u@amazonaws.com,Female,136.142.51.142
284,Warde,Ballister,wballister7v@ustream.tv,Male,149.138.210.203
285,Erastus,Down,edown7w@pen.io,Male,250.47.36.223
286,Misty,Frostdyke,mfrostdyke7x@patch.com,Female,95.106.51.224
287,Edgard,Readman,ereadman7y@scribd.com,Male,72.245.118.179
288,Jean,Luca,jluca7z@edublogs.org,Male,169.213.88.29
289,Skip,Halligan,shalligan80@eventbrite.com,Male,108.10.137.95
290,Briggs,Folan,bfolan81@google.com.au,Male,168.197.120.113
291,Darline,Sleaford,dsleaford82@latimes.com,Female,96.46.178.68
292,Celeste,Craythorne,ccraythorne83@scribd.com,Female,230.244.247.87
293,Casandra,Grummitt,cgrummitt84@state.gov,Genderqueer,107.194.249.203
294,Connie,Shenley,cshenley85@psu.edu,Female,161.70.205.81
295,Katha,Kopacek,kkopacek86@netscape.com,Female,138.100.143.28
296,Don,Clougher,dclougher87@chron.com,Male,18.231.228.34
297,Borg,Whale,bwhale88@spotify.com,Male,89.237.242.178
298,Addison,Monnery,amonnery89@telegraph.co.uk,Male,111.43.53.233
299,Augusto,Cahey,acahey8a@springer.com,Male,187.159.111.76
300,Yolanthe,Drinkhall,ydrinkhall8b@discovery.com,Female,33.81.60.228
301,Eldridge,Harriagn,eharriagn8c@google.cn,Male,112.159.222.72
302,Kimberli,Twining,ktwining8d@rediff.com,Female,177.253.206.195
303,Ernest,Mattinson,emattinson8e@microsoft.com,Male,89.115.77.131
304,Mitch,Tebbit,mtebbit8f@sun.com,Male,248.248.55.21
305,Loria,Fromont,lfromont8g@nsw.gov.au,Bigender,73.218.194.86
306,Teirtza,Sedgwick,tsedgwick8h@wp.com,Female,85.215.130.153
307,Hannah,Bricket,hbricket8i@chronoengine.com,Female,37.92.158.182
308,Timothea,Hutchinson,thutchinson8j@google.ca,Female,47.124.116.146
309,Bell,O'Hickee,bohickee8k@cyberchimps.com,Female,158.217.80.100
310,Andie,Juris,ajuris8l@acquirethisname.com,Male,218.132.108.211
311,Derek,Shilito,dshilito8m@liveinternet.ru,Agender,126.178.99.181
312,Erna,Frie,efrie8n@blogspot.com,Female,166.152.46.23
313,Amii,Trowell,atrowell8o@histats.com,Female,126.67.119.29
314,Ermentrude,Penticost,epenticost8p@squidoo.com,Female,111.32.178.70
315,Keen,Godbehere,kgodbehere8q@dagondesign.com,Male,79.249.91.70
316,Brew,Butt,bbutt8r@aboutads.info,Male,84.61.149.82
317,Domini,Sambedge,dsambedge8s@wix.com,Female,14.62.202.130
318,Berty,Peddar,bpeddar8t@w3.org,Male,69.89.196.228
319,Stanley,Janecek,sjanecek8u@state.tx.us,Male,214.108.108.172
320,Chico,Reace,creace8v@theatlantic.com,Male,246.166.114.117
321,Denni,Goodbairn,dgoodbairn8w@apache.org,Non-binary,135.201.40.48
322,Luther,Louys,llouys8x@fda.gov,Male,247.12.156.25
323,Harriot,Kneller,hkneller8y@cdbaby.com,Female,26.163.242.61
324,Janis,Gellert,jgellert8z@github.io,Female,191.87.175.241
325,Andi,Batchelder,abatchelder90@jalbum.net,Female,173.203.148.208
326,Valina,Wyldes,vwyldes91@state.tx.us,Female,26.58.17.103
327,Maggy,Dulinty,mdulinty92@slashdot.org,Female,192.14.104.91
328,Marlo,Greenhill,mgreenhill93@sun.com,Male,38.129.240.142
329,Ramsay,Rosenkrantz,rrosenkrantz94@google.de,Male,64.49.6.232
330,Herman,Posnett,hposnett95@china.com.cn,Male,121.163.139.250
331,Nathanil,Leupold,nleupold96@goo.ne.jp,Male,248.176.176.246
332,Shelby,Skirrow,sskirrow97@scientificamerican.com,Male,71.63.113.92
333,Friedrick,Gravells,fgravells98@wordpress.com,Male,74.102.223.242
334,Nicolle,Duplain,nduplain99@parallels.com,Female,239.199.148.243
335,Peta,Tregian,ptregian9a@nymag.com,Female,129.115.23.138
336,Wakefield,Camus,wcamus9b@w3.org,Male,246.122.153.203
337,Lisbeth,Spurdens,lspurdens9c@discuz.net,Female,220.4.44.225
338,Adena,Kendred,akendred9d@homestead.com,Female,147.30.224.243
339,Gerald,Yearne,gyearne9e@salon.com,Male,175.44.13.93
340,Oren,Al Hirsi,oalhirsi9f@nationalgeographic.com,Male,74.115.47.90
341,Francis,Larn,flarn9g@xing.com,Male,68.115.215.210
342,Creighton,Mackerness,cmackerness9h@vinaora.com,Male,99.157.45.39
343,Tessy,Satch,tsatch9i@netlog.com,Female,148.54.121.123
344,Parsifal,Colthard,pcolthard9j@people.com.cn,Male,175.136.247.86
345,Emmery,Peltzer,epeltzer9k@flavors.me,Male,153.136.145.216
346,Nicholas,Brightwell,nbrightwell9l@cornell.edu,Male,74.93.122.54
347,Hurley,Agates,hagates9m@example.com,Male,146.206.34.242
348,Averyl,Godthaab,agodthaab9n@shinystat.com,Non-binary,112.236.253.77
349,Carmencita,Roakes,croakes9o@deliciousdays.com,Female,75.219.233.109
350,Barn,Duchan,bduchan9p@geocities.jp,Male,167.179.254.97
351,Carol,Weatherell,cweatherell9q@sakura.ne.jp,Female,247.51.90.211
352,Rosy,Pietsma,rpietsma9r@sciencedirect.com,Female,3.35.200.68
353,Duff,Poland,dpoland9s@tumblr.com,Male,15.217.254.76
354,Marv,Cockerham,mcockerham9t@biblegateway.com,Male,158.118.155.194
355,Hortensia,Tomaschke,htomaschke9u@globo.com,Female,29.242.58.183
356,Jacquelynn,Leschelle,jleschelle9v@free.fr,Female,127.108.58.140
357,Zelig,Petersen,zpetersen9w@example.com,Genderfluid,211.170.229.185
358,Brant,Gwynn,bgwynn9x@joomla.org,Male,12.8.231.106
359,Nicolai,Binnion,nbinnion9y@comcast.net,Male,193.234.125.186
360,Tad,Kahan,tkahan9z@csmonitor.com,Male,207.162.13.231
361,Pippy,Farress,pfarressa0@discuz.net,Female,177.128.47.55
362,Meredithe,Blackston,mblackstona1@sourceforge.net,Female,252.166.131.86
363,Biddie,Comfort,bcomforta2@bravesites.com,Female,178.199.25.204
364,Farra,Chantillon,fchantillona3@yelp.com,Female,233.119.5.36
365,Kendricks,Holah,kholaha4@sciencedirect.com,Male,231.10.195.6
366,Aylmer,Bougen,abougena5@seattletimes.com,Male,170.65.75.175
367,Marcelo,Sagg,msagga6@gnu.org,Male,143.245.25.236
368,Carlye,Cansfield,ccansfielda7@reference.com,Female,13.226.105.180
369,Sarene,Champley,schampleya8@technorati.com,Female,102.228.36.209
370,Carly,Poulgreen,cpoulgreena9@abc.net.au,Male,1.81.245.169
371,Izak,Duffield,iduffieldaa@sakura.ne.jp,Male,113.95.13.72
372,Deina,Deluca,ddelucaab@reference.com,Female,137.130.125.170
373,Ringo,Tomasino,rtomasinoac@ucoz.com,Male,48.55.223.88
374,Gauthier,Landeg,glandegad@purevolume.com,Polygender,4.144.165.8
375,Renard,Treat,rtreatae@marketwatch.com,Male,10.175.228.207
376,Raphaela,Arnson,rarnsonaf@ocn.ne.jp,Female,9.229.114.250
377,Samson,Berthot,sberthotag@google.es,Male,73.166.88.177
378,Ewart,Aylott,eaylottah@weather.com,Male,150.75.208.219
379,Pris,Getch,pgetchai@buzzfeed.com,Female,175.166.209.253
380,Anastassia,Crepin,acrepinaj@wikia.com,Female,215.162.18.106
381,Filmore,Murdy,fmurdyak@diigo.com,Male,190.189.156.198
382,Adaline,Eastbrook,aeastbrookal@google.de,Female,73.116.155.46
383,Tabb,Chellam,tchellamam@census.gov,Male,18.222.75.28
384,Cedric,Kulver,ckulveran@techcrunch.com,Male,135.27.239.122
385,Hyacinthe,Winch,hwinchao@google.com,Female,156.131.17.152
386,Teena,Hearnden,thearndenap@i2i.jp,Female,171.85.69.138
387,Gae,Lakeman,glakemanaq@123-reg.co.uk,Female,56.141.32.153
388,Penny,Soal,psoalar@howstuffworks.com,Male,26.103.231.174
389,Ryun,Voller,rvolleras@google.ca,Male,235.5.135.156
390,Bent,Garn,bgarnat@feedburner.com,Male,119.88.248.195
391,Josefa,Groarty,jgroartyau@typepad.com,Female,62.245.199.125
392,Tomlin,Assur,tassurav@so-net.ne.jp,Male,80.34.50.204
393,Tate,Stiff,tstiffaw@dropbox.com,Female,176.114.138.219
394,Roarke,Keyho,rkeyhoax@berkeley.edu,Male,101.113.174.33
395,Minette,Edelheit,medelheitay@tmall.com,Female,226.135.196.139
396,Cletis,Proven,cprovenaz@example.com,Male,123.162.217.71
397,Bernardina,Mattschas,bmattschasb0@hugedomains.com,Female,201.79.101.101
398,Liana,Meldon,lmeldonb1@cpanel.net,Female,110.254.172.8
399,Decca,Bartles,dbartlesb2@sakura.ne.jp,Male,144.156.178.254
400,Oberon,Mossdale,omossdaleb3@shutterfly.com,Male,57.25.140.234
401,Nicolai,Byfford,nbyffordb4@sbwire.com,Male,1.125.244.12
402,Eadie,Wallman,ewallmanb5@woothemes.com,Bigender,200.110.20.220
403,Cami,Ezzy,cezzyb6@nasa.gov,Female,156.106.49.118
404,Giffer,Cantrill,gcantrillb7@aboutads.info,Male,6.104.31.127
405,Martainn,Szabo,mszabob8@instagram.com,Male,239.19.226.18
406,Rutherford,Tull,rtullb9@globo.com,Male,158.222.209.182
407,Bucky,Limerick,blimerickba@ovh.net,Male,23.233.127.32
408,Archibald,Comberbeach,acomberbeachbb@purevolume.com,Male,58.8.233.124
409,Kellyann,Jotcham,kjotchambc@comsenz.com,Non-binary,48.183.96.84
410,Daniella,Whitelock,dwhitelockbd@themeforest.net,Bigender,123.216.139.140
411,Carol,Felstead,cfelsteadbe@omniture.com,Female,239.172.60.56
412,Nathanael,Kopje,nkopjebf@wisc.edu,Male,119.233.133.213
413,Gennie,Galton,ggaltonbg@devhub.com,Female,178.165.1.177
414,Remus,Gosselin,rgosselinbh@npr.org,Male,236.92.157.230
415,Buckie,Gelly,bgellybi@ft.com,Male,87.186.210.105
416,Ashlen,Kinavan,akinavanbj@is.gd,Agender,70.146.10.28
417,Rick,Fortman,rfortmanbk@trellian.com,Male,167.137.252.131
418,Lucky,O'Sirin,losirinbl@jigsy.com,Female,221.115.204.149
419,Niel,Haughin,nhaughinbm@opensource.org,Male,214.117.255.162
420,Eward,Gauld,egauldbn@bing.com,Male,100.73.51.10
421,Ruperto,Swarbrigg,rswarbriggbo@utexas.edu,Male,11.155.40.136
422,Yorke,Celand,ycelandbp@sfgate.com,Male,115.73.18.190
423,Wanids,Littleproud,wlittleproudbq@seesaa.net,Female,22.1.207.86
424,Cull,Schwanden,cschwandenbr@shutterfly.com,Male,238.233.202.204
425,Anabel,Fairchild,afairchildbs@miibeian.gov.cn,Polygender,216.116.208.133
426,Andie,Ducarel,aducarelbt@wunderground.com,Female,61.194.48.77
427,Leonelle,Heeks,lheeksbu@jimdo.com,Female,251.23.229.22
428,Farlee,Whardley,fwhardleybv@epa.gov,Male,120.220.144.34
429,Audy,Hughs,ahughsbw@hud.gov,Female,23.11.230.238
430,Kerby,Brignall,kbrignallbx@tuttocitta.it,Male,106.220.67.27
431,Zeb,Emmet,zemmetby@people.com.cn,Male,1.33.24.183
432,Merrick,Sutherel,msutherelbz@time.com,Male,232.126.150.196
433,Renie,Chatelot,rchatelotc0@eepurl.com,Female,161.166.120.155
434,Samantha,Mobius,smobiusc1@nba.com,Female,255.46.227.103
435,Lacey,Briggdale,lbriggdalec2@topsy.com,Female,125.238.174.62
436,Jesselyn,Mahaddy,jmahaddyc3@artisteer.com,Female,125.45.149.21
437,Conny,Sutehall,csutehallc4@rambler.ru,Male,197.222.211.131
438,Shellysheldon,Waldock,swaldockc5@goodreads.com,Male,113.83.245.154
439,Flinn,Hayhurst,fhayhurstc6@wunderground.com,Male,26.50.158.224
440,Malena,Wailes,mwailesc7@skype.com,Female,83.154.56.200
441,Clayborne,Cadlock,ccadlockc8@state.tx.us,Male,26.121.184.95
442,Muhammad,Joul,mjoulc9@whitehouse.gov,Male,68.126.233.100
443,La verne,Gianni,lgiannica@comcast.net,Female,79.31.31.204
444,Teodoor,Spiniello,tspiniellocb@baidu.com,Male,254.16.182.108
445,Tim,Smitham,tsmithamcc@seesaa.net,Male,186.7.148.48
446,Ellynn,Klug,eklugcd@state.gov,Female,186.185.247.61
447,Opalina,Coonihan,ocoonihance@si.edu,Female,180.212.65.202
448,Ellie,Husthwaite,ehusthwaitecf@buzzfeed.com,Female,253.229.204.160
449,Mortimer,Mc Giffin,mmcgiffincg@wikipedia.org,Male,114.140.43.62
450,Lock,Mottram,lmottramch@ox.ac.uk,Male,231.175.96.191
451,Ginnie,Messier,gmessierci@google.pl,Female,56.39.21.179
452,Morgan,Sonier,msoniercj@wired.com,Male,134.176.134.209
453,Ruby,Ventham,rventhamck@amazonaws.com,Genderqueer,230.117.203.248
454,Tannie,Di Antonio,tdiantoniocl@hao123.com,Male,43.24.108.142
455,Hermie,Bourthoumieux,hbourthoumieuxcm@dropbox.com,Bigender,102.245.172.169
456,Buiron,Peterkin,bpeterkincn@nih.gov,Non-binary,19.7.196.14
457,Meredith,Lippiett,mlippiettco@behance.net,Genderfluid,53.55.63.235
458,Kimbra,Tidbald,ktidbaldcp@blogs.com,Genderqueer,131.151.38.185
459,Aleen,Marler,amarlercq@1und1.de,Female,8.20.20.169
460,Anatollo,Garmston,agarmstoncr@gov.uk,Male,219.134.207.239
461,Marcille,Winterborne,mwinterbornecs@nymag.com,Female,178.239.221.188
462,Barnie,Abela,babelact@auda.org.au,Male,28.130.107.195
463,Padget,Willmont,pwillmontcu@github.io,Male,64.45.63.22
464,Randi,Toseland,rtoselandcv@washingtonpost.com,Male,229.57.98.15
465,Arly,Cotterell,acotterellcw@yellowpages.com,Female,106.81.236.235
466,Anastasie,Feldhuhn,afeldhuhncx@newyorker.com,Female,0.243.237.228
467,Myriam,Gudgen,mgudgency@weather.com,Female,232.46.12.162
468,Laurie,Gilston,lgilstoncz@shutterfly.com,Female,235.50.212.120
469,Aguste,Loan,aloand0@ameblo.jp,Male,180.82.14.0
470,Nessy,Hacard,nhacardd1@w3.org,Female,208.14.61.186
471,Patti,Tebbitt,ptebbittd2@yahoo.co.jp,Female,116.202.89.216
472,Hendrika,Hawkes,hhawkesd3@myspace.com,Agender,199.161.69.160
473,Cornie,Miskin,cmiskind4@meetup.com,Female,86.165.106.105
474,Virgina,Morot,vmorotd5@cmu.edu,Female,219.239.155.13
475,Aile,Huskisson,ahuskissond6@technorati.com,Female,178.19.107.137
476,Zeb,Willshee,zwillsheed7@lycos.com,Male,97.29.193.227
477,Constantin,Havard,chavardd8@1688.com,Male,75.101.143.140
478,Marlyn,Mars,mmarsd9@hibu.com,Female,140.178.243.254
479,Maddie,Lesmonde,mlesmondeda@bloomberg.com,Female,195.169.115.110
480,Gaynor,Layburn,glayburndb@auda.org.au,Female,45.129.235.253
481,Kristoforo,Varty,kvartydc@springer.com,Male,36.202.99.114
482,Selestina,Karczinski,skarczinskidd@indiegogo.com,Female,128.143.191.115
483,Avis,Royans,aroyansde@marketwatch.com,Female,7.84.180.202
484,Matthaeus,Legister,mlegisterdf@dailymotion.com,Male,225.1.20.156
485,Euphemia,Thaxton,ethaxtondg@va.gov,Female,89.245.40.192
486,Jorgan,Pues,jpuesdh@dropbox.com,Male,84.42.44.224
487,Kaleena,todor,ktodordi@ox.ac.uk,Female,229.240.139.9
488,Orion,Moretto,omorettodj@facebook.com,Bigender,63.182.189.144
489,Fonzie,Rashleigh,frashleighdk@constantcontact.com,Male,27.98.32.73
490,Ivan,Swaffer,iswafferdl@foxnews.com,Male,50.79.255.47
491,Shelbi,Doggart,sdoggartdm@admin.ch,Female,58.47.225.13
492,Stirling,Hucklesby,shucklesbydn@gmpg.org,Male,46.162.9.105
493,Gilbertina,Antliff,gantliffdo@vinaora.com,Female,199.167.111.237
494,Reube,Meach,rmeachdp@cafepress.com,Male,173.185.52.164
495,Anica,Beardsley,abeardsleydq@typepad.com,Female,211.5.93.199
496,Tuckie,Spiby,tspibydr@odnoklassniki.ru,Male,22.11.54.135
497,Aluin,Jansik,ajansikds@vk.com,Male,166.130.255.78
498,Dorthy,Bohills,dbohillsdt@sun.com,Female,151.34.201.19
499,Byrle,Ohm,bohmdu@psu.edu,Male,222.154.58.229
500,Kippie,Gantz,kgantzdv@cnet.com,Male,243.170.175.100
501,Alta,Polini,apolinidw@tumblr.com,Female,76.4.181.185
502,Panchito,Thresh,pthreshdx@so-net.ne.jp,Male,1.11.184.108
503,Niven,Haigh,nhaighdy@com.com,Male,130.131.213.0
504,Angelika,Cocci,acoccidz@mac.com,Female,71.243.180.50
505,Gena,Bedham,gbedhame0@va.gov,Female,132.19.19.144
506,Robinett,Cluney,rcluneye1@vk.com,Female,197.126.5.11
507,Rickie,Eymor,reymore2@ucoz.ru,Female,145.95.226.230
508,Adrea,McShea,amcsheae3@lycos.com,Female,215.183.245.45
509,Binny,Hubbert,bhubberte4@scribd.com,Female,69.4.243.156
510,Deerdre,Mogg,dmogge5@bravesites.com,Female,197.164.240.115
511,Lorrayne,Pabel,lpabele6@baidu.com,Female,17.100.117.112
512,Nell,England,nenglande7@pen.io,Female,75.203.217.55
513,Diego,Pallin,dpalline8@flickr.com,Male,30.27.181.164
514,Debora,Entwisle,dentwislee9@wunderground.com,Agender,9.122.140.122
515,Merralee,Glanfield,mglanfieldea@fastcompany.com,Female,206.165.72.152
516,Dierdre,Hubery,dhuberyeb@geocities.com,Female,55.142.109.121
517,Son,Parnham,sparnhamec@discovery.com,Male,182.254.236.198
518,Mireielle,Groarty,mgroartyed@mlb.com,Female,200.67.14.190
519,Rustin,Ladon,rladonee@psu.edu,Male,131.46.123.18
520,Marrilee,Fitzsimon,mfitzsimonef@si.edu,Female,111.144.199.62
521,Elora,Busst,ebussteg@sourceforge.net,Female,213.150.135.154
522,Boonie,Wapol,bwapoleh@dot.gov,Male,96.56.190.185
523,Abby,Ruggiero,aruggieroei@linkedin.com,Male,210.198.113.83
524,Ilene,Bricham,ibrichamej@arizona.edu,Female,253.122.183.187
525,Grace,Riba,gribaek@bing.com,Genderqueer,247.158.252.10
526,Janith,Godon,jgodonel@patch.com,Female,64.190.193.58
527,Alexandros,Thow,athowem@clickbank.net,Male,191.246.110.151
528,Merwin,Eastam,meastamen@behance.net,Male,57.67.55.156
529,Konstantine,Boydon,kboydoneo@free.fr,Male,4.187.8.128
530,Ursa,D'Onisi,udonisiep@chron.com,Female,214.245.14.23
531,Orren,Jaqueme,ojaquemeeq@domainmarket.com,Male,168.135.157.190
532,De,Lghan,dlghaner@delicious.com,Female,19.94.8.197
533,May,Gravener,mgraveneres@soundcloud.com,Non-binary,172.11.9.253
534,Uta,Stenyng,ustenynget@state.gov,Female,47.235.213.185
535,Colleen,Blything,cblythingeu@yahoo.com,Female,167.75.158.139
536,Bartram,Mattock,bmattockev@bloglovin.com,Male,255.106.201.3
537,Vidovic,Vitall,vvitallew@cafepress.com,Male,153.195.39.132
538,Estrella,Daouse,edaouseex@msu.edu,Female,131.54.186.27
539,Dena,Heinke,dheinkeey@umich.edu,Genderqueer,217.212.167.224
540,Kore,Jeanenet,kjeanenetez@berkeley.edu,Female,117.218.59.167
541,Abra,Banger,abangerf0@icq.com,Female,112.65.144.182
542,Shepard,Fernan,sfernanf1@cpanel.net,Male,39.177.145.100
543,Shepard,McDermid,smcdermidf2@forbes.com,Male,168.44.43.79
544,Bartram,Addis,baddisf3@pinterest.com,Male,127.244.212.26
545,Datha,Boydell,dboydellf4@furl.net,Female,4.141.216.140
546,Carole,Albasini,calbasinif5@etsy.com,Female,132.249.165.56
547,Ashil,Grenville,agrenvillef6@netscape.com,Female,152.179.45.160
548,Gracie,Gowers,ggowersf7@stumbleupon.com,Female,152.86.89.165
549,Donelle,Bumby,dbumbyf8@amazon.co.jp,Female,152.126.156.42
550,Jorie,Cumes,jcumesf9@printfriendly.com,Female,177.222.85.25
551,Mikey,Whitefoot,mwhitefootfa@china.com.cn,Male,27.85.213.134
552,Maitilde,Harvatt,mharvattfb@youku.com,Female,24.61.10.37
553,Blondell,Gilley,bgilleyfc@nature.com,Female,3.129.136.92
554,Hesther,Vassie,hvassiefd@youtu.be,Female,72.230.70.180
555,Bealle,Sherratt,bsherrattfe@bizjournals.com,Male,107.184.192.77
556,Kimberlyn,Fletcher,kfletcherff@smh.com.au,Female,11.192.31.255
557,Crin,Plenderleith,cplenderleithfg@mysql.com,Female,151.103.22.230
558,Mahalia,Descroix,mdescroixfh@slate.com,Female,173.250.125.175
559,Carly,Aimeric,caimericfi@networkadvertising.org,Male,97.206.228.9
560,Wildon,Drysdall,wdrysdallfj@cbsnews.com,Male,3.4.251.111
561,Angelita,Boays,aboaysfk@ning.com,Female,195.228.72.113
562,Roxane,O' Byrne,robyrnefl@ibm.com,Polygender,186.18.81.172
563,Imogen,Comsty,icomstyfm@hatena.ne.jp,Female,74.106.253.117
564,Cynthea,Summerscales,csummerscalesfn@163.com,Female,202.97.82.48
565,Desmond,Barnaby,dbarnabyfo@cornell.edu,Male,38.218.122.45
566,Nicki,Rohmer,nrohmerfp@fc2.com,Female,177.214.156.98
567,Heath,Boncore,hboncorefq@forbes.com,Male,194.1.108.114
568,Hillie,Frangleton,hfrangletonfr@mashable.com,Genderqueer,35.71.198.68
569,Hannis,Eul,heulfs@hubpages.com,Female,143.187.73.210
570,Robenia,Stille,rstilleft@gravatar.com,Female,80.215.168.161
571,Reynold,Crosswaite,rcrosswaitefu@delicious.com,Male,180.210.50.78
572,Pennie,Stanger,pstangerfv@cyberchimps.com,Male,194.89.99.129
573,Heath,Prince,hprincefw@chronoengine.com,Genderfluid,87.32.233.197
574,Alfred,Candlish,acandlishfx@merriam-webster.com,Male,200.42.32.54
575,Mavra,Caudell,mcaudellfy@rakuten.co.jp,Female,225.159.19.146
576,Mercie,Virgo,mvirgofz@prlog.org,Female,18.187.99.203
577,Storm,Astlatt,sastlattg0@qq.com,Female,47.66.195.139
578,Roxanne,Harme,rharmeg1@domainmarket.com,Female,51.63.128.144
579,Mose,Nowakowska,mnowakowskag2@answers.com,Male,149.226.91.78
580,Henri,Laverack,hlaverackg3@si.edu,Bigender,124.205.172.191
581,Jilleen,Dobbson,jdobbsong4@google.com.br,Female,41.202.164.73
582,Kerri,Chaperlin,kchaperling5@ihg.com,Female,48.172.203.235
583,Clayborne,McRae,cmcraeg6@vkontakte.ru,Male,249.30.123.5
584,Jaymee,Ashwood,jashwoodg7@noaa.gov,Genderqueer,136.108.0.253
585,Angelica,Mac,amacg8@yale.edu,Female,241.181.69.33
586,Marc,Elias,meliasg9@vk.com,Male,188.229.12.190
587,Conni,Kennicott,ckennicottga@stumbleupon.com,Female,201.42.73.184
588,Zebulen,Brushneen,zbrushneengb@scientificamerican.com,Male,217.87.192.45
589,Virgina,Petch,vpetchgc@google.de,Female,147.216.87.238
590,Darb,Ekell,dekellgd@marriott.com,Male,44.236.221.50
591,Northrup,McKeating,nmckeatingge@clickbank.net,Male,134.205.224.227
592,Lizabeth,Shellcross,lshellcrossgf@scientificamerican.com,Female,33.163.26.8
593,Scarlett,Lening,sleninggg@walmart.com,Female,170.152.109.15
594,Iosep,Roly,irolygh@nih.gov,Non-binary,67.135.90.202
595,Foster,Thoma,fthomagi@nature.com,Male,34.97.218.236
596,Blanca,Simonett,bsimonettgj@cpanel.net,Polygender,207.46.161.48
597,Yankee,Syncke,ysynckegk@moonfruit.com,Male,82.103.190.235
598,Roddie,Mougenel,rmougenelgl@storify.com,Male,165.236.211.95
599,Kellie,Bamborough,kbamboroughgm@360.cn,Female,239.64.67.254
600,Binky,Cheeseman,bcheesemangn@bigcartel.com,Male,193.211.231.149
601,Peter,Purveys,ppurveysgo@netvibes.com,Bigender,81.168.171.241
602,Aubine,Imesen,aimesengp@time.com,Female,42.251.43.211
603,Benni,Presnail,bpresnailgq@a8.net,Bigender,203.17.93.8
604,Cathleen,McTurk,cmcturkgr@bigcartel.com,Female,43.197.146.219
605,Aileen,Edgecombe,aedgecombegs@skype.com,Non-binary,71.41.159.228
606,Burnaby,Wilkowski,bwilkowskigt@parallels.com,Male,97.9.132.181
607,Natalina,Jobern,njoberngu@elpais.com,Female,135.76.93.59
608,Calley,Osan,cosangv@ibm.com,Female,34.139.12.77
609,Meredeth,Boughtwood,mboughtwoodgw@dagondesign.com,Male,104.17.7.252
610,Erick,Tollady,etolladygx@cocolog-nifty.com,Male,99.68.171.128
611,Ingram,Crannach,icrannachgy@ning.com,Male,44.40.194.123
612,Grethel,Annetts,gannettsgz@apache.org,Female,205.206.172.34
613,Anny,Dealy,adealyh0@apple.com,Female,51.233.146.252
614,Derward,Morefield,dmorefieldh1@narod.ru,Male,252.119.177.137
615,Evelyn,Huniwall,ehuniwallh2@dyndns.org,Female,235.163.245.66
616,Niall,Davidovitch,ndavidovitchh3@unc.edu,Male,8.4.8.217
617,Kippie,Gary,kgaryh4@chronoengine.com,Male,57.191.53.38
618,Willard,Water,wwaterh5@mapy.cz,Male,252.82.101.109
619,Atlante,Walkinshaw,awalkinshawh6@shinystat.com,Female,168.163.164.239
620,Stephi,Strotton,sstrottonh7@hubpages.com,Polygender,146.185.191.27
621,Malvin,Blundin,mblundinh8@linkedin.com,Bigender,114.204.124.119
622,Silva,Chalmers,schalmersh9@desdev.cn,Female,250.58.139.20
623,Nial,Philott,nphilottha@cargocollective.com,Male,142.251.108.224
624,Daniel,Pourveer,dpourveerhb@bloomberg.com,Male,231.189.190.137
625,Silvester,Stodit,sstodithc@diigo.com,Male,78.113.179.236
626,Skye,MacCheyne,smaccheynehd@quantcast.com,Male,24.110.48.101
627,Palm,Lange,plangehe@netlog.com,Male,40.124.155.85
628,Bronnie,Maliphant,bmaliphanthf@netscape.com,Male,88.1.8.221
629,Kassia,Stedman,kstedmanhg@wunderground.com,Female,106.214.152.243
630,Hogan,Phinnis,hphinnishh@w3.org,Male,175.13.56.38
631,Mitch,St Ange,mstangehi@jugem.jp,Male,191.16.147.34
632,Feliks,Schlagman,fschlagmanhj@yolasite.com,Male,136.163.23.4
633,Jake,Ponten,jpontenhk@hud.gov,Male,214.5.5.195
634,Barnard,Brech,bbrechhl@issuu.com,Male,16.72.164.63
635,Allis,Hudspeth,ahudspethhm@storify.com,Female,253.79.89.43
636,Kirsten,Taysbil,ktaysbilhn@netvibes.com,Female,224.48.43.7
637,Karim,Woodruffe,kwoodruffeho@netscape.com,Male,165.49.248.147
638,Maxwell,Adriano,madrianohp@diigo.com,Male,111.159.223.196
639,Grover,Weald,gwealdhq@mayoclinic.com,Male,65.30.25.43
640,Magnum,Pingstone,mpingstonehr@fema.gov,Male,108.34.118.213
641,Rosina,Linke,rlinkehs@sphinn.com,Non-binary,88.26.81.229
642,Lanie,Hemerijk,lhemerijkht@sohu.com,Non-binary,91.203.212.9
643,Nico,Anslow,nanslowhu@cnn.com,Male,201.14.29.251
644,Merwin,Lasty,mlastyhv@seesaa.net,Male,89.212.215.62
645,Nealy,Andriessen,nandriessenhw@umich.edu,Male,101.153.153.44
646,Curcio,Mosdall,cmosdallhx@slashdot.org,Male,225.152.26.114
647,Bidget,Nesey,bneseyhy@quantcast.com,Female,1.26.19.55
648,Abby,Gomar,agomarhz@studiopress.com,Male,76.88.38.50
649,Yankee,Dillinger,ydillingeri0@reference.com,Male,43.217.107.202
650,Earl,Iggo,eiggoi1@dailymotion.com,Male,7.154.103.40
651,Nedda,Cohrs,ncohrsi2@yolasite.com,Female,101.191.108.138
652,Myron,Patrick,mpatricki3@ucla.edu,Male,233.55.71.152
653,Stern,Simoni,ssimonii4@yellowpages.com,Male,91.163.134.6
654,Emmet,Dreigher,edreigheri5@wp.com,Male,208.187.202.66
655,Rafael,Middlebrook,rmiddlebrooki6@google.fr,Male,20.107.243.189
656,Charis,Huckster,chucksteri7@va.gov,Female,80.32.187.195
657,Saunderson,Ritzman,sritzmani8@csmonitor.com,Agender,188.40.42.24
658,Eunice,Boater,eboateri9@com.com,Female,152.160.1.206
659,Robena,O'Devey,rodeveyia@gmpg.org,Female,18.109.95.74
660,Vilhelmina,Strawbridge,vstrawbridgeib@google.co.uk,Female,85.24.149.147
661,Harman,Tiesman,htiesmanic@biblegateway.com,Male,89.245.90.11
662,Fitz,Florez,fflorezid@bing.com,Male,116.35.181.209
663,Sharona,Kohlert,skohlertie@yolasite.com,Female,102.27.169.171
664,Shanan,Pottie,spottieif@multiply.com,Male,31.135.80.244
665,Rockey,Lezemore,rlezemoreig@macromedia.com,Male,36.44.103.92
666,Cello,Coulthard,ccoulthardih@psu.edu,Male,254.142.82.236
667,Dorisa,Huddles,dhuddlesii@shinystat.com,Female,127.11.134.0
668,Margalo,Woodford,mwoodfordij@amazon.de,Female,200.178.65.255
669,Calida,Agnolo,cagnoloik@oracle.com,Female,239.18.173.0
670,Payton,Sweeting,psweetingil@nsw.gov.au,Male,126.87.241.120
671,Benedict,Brattell,bbrattellim@adobe.com,Male,200.66.14.52
672,Byron,Pound,bpoundin@meetup.com,Male,159.208.99.206
673,Denney,Lissandre,dlissandreio@about.com,Bigender,99.187.206.249
674,Heidie,Duffitt,hduffittip@who.int,Female,9.29.71.147
675,Samaria,Pigden,spigdeniq@un.org,Female,28.142.16.84
676,Lucien,Thiese,lthieseir@infoseek.co.jp,Male,238.61.17.231
677,Siusan,Karpmann,skarpmannis@xinhuanet.com,Agender,81.212.8.161
678,Jaye,Ornells,jornellsit@reddit.com,Non-binary,50.12.14.42
679,Roselia,McMorran,rmcmorraniu@mediafire.com,Female,237.68.193.213
680,Anatol,Caunt,acauntiv@accuweather.com,Male,60.185.16.95
681,Westleigh,Bladen,wbladeniw@alexa.com,Agender,104.70.38.156
682,Leticia,Geraghty,lgeraghtyix@bing.com,Female,7.128.87.240
683,Marris,Dovidaitis,mdovidaitisiy@weibo.com,Female,169.78.242.82
684,Mylo,Zemler,mzemleriz@360.cn,Male,69.67.132.128
685,Reina,Cawthorn,rcawthornj0@cbsnews.com,Female,137.219.153.189
686,Elvyn,Rosson,erossonj1@i2i.jp,Male,85.231.96.167
687,Godfry,Cowmeadow,gcowmeadowj2@umn.edu,Male,188.182.168.190
688,Adrien,Wolpert,awolpertj3@1und1.de,Male,213.67.123.142
689,Brandy,Petticrow,bpetticrowj4@exblog.jp,Male,72.76.3.99
690,Justina,Bloyes,jbloyesj5@geocities.jp,Female,232.102.168.201
691,Cilka,Salway,csalwayj6@mtv.com,Female,217.61.207.99
692,Morry,Priter,mpriterj7@forbes.com,Male,237.230.219.161
693,Vachel,Beer,vbeerj8@prnewswire.com,Male,146.97.161.139
694,Faustina,Kaemena,fkaemenaj9@blog.com,Female,51.233.8.206
695,Gwen,Tichelaar,gtichelaarja@purevolume.com,Genderfluid,121.57.86.249
696,Conant,Ahlf,cahlfjb@elpais.com,Non-binary,21.114.74.177
697,Beniamino,Yitzhakof,byitzhakofjc@homestead.com,Male,246.224.45.209
698,Kalinda,Alliker,kallikerjd@rakuten.co.jp,Female,215.87.218.24
699,Abram,Sunshine,asunshineje@is.gd,Male,32.72.108.177
700,Edyth,Cunde,ecundejf@reuters.com,Female,129.254.145.59
701,Nissy,Cinelli,ncinellijg@examiner.com,Female,99.142.206.93
702,Rory,Orable,rorablejh@reddit.com,Female,102.176.97.101
703,Vitoria,Whapple,vwhappleji@networksolutions.com,Female,40.223.58.209
704,Lani,Brouwer,lbrouwerjj@ow.ly,Female,40.157.240.135
705,Clive,Aspital,caspitaljk@live.com,Genderqueer,34.61.139.178
706,Karlee,Mercik,kmercikjl@fastcompany.com,Female,188.235.178.175
707,Lindsey,Durward,ldurwardjm@feedburner.com,Male,242.218.218.1
708,Selinda,Gauche,sgauchejn@gravatar.com,Female,157.1.54.180
709,Livvy,Boltwood,lboltwoodjo@cloudflare.com,Female,49.164.11.94
710,Gladi,Lembke,glembkejp@springer.com,Female,207.138.246.145
711,Bobbie,Myford,bmyfordjq@forbes.com,Male,53.171.130.67
712,Loria,Kembery,lkemberyjr@ed.gov,Female,57.78.192.116
713,Corette,Butts,cbuttsjs@who.int,Female,195.6.187.24
714,Courtney,Breawood,cbreawoodjt@vk.com,Male,236.37.41.146
715,Langston,Bugbee,lbugbeeju@squarespace.com,Male,123.99.6.3
716,Ganny,Vardie,gvardiejv@prnewswire.com,Male,165.45.200.227
717,Fulvia,Dunstone,fdunstonejw@mozilla.com,Female,192.88.230.105
718,Harrie,Gianetti,hgianettijx@addtoany.com,Female,58.217.63.41
719,Inglis,Maberley,imaberleyjy@ft.com,Male,133.110.255.130
720,Dame,Vigne,dvignejz@macromedia.com,Male,124.175.59.143
721,Clyve,Pennyman,cpennymank0@whitehouse.gov,Male,1.112.161.18
722,Mackenzie,Polden,mpoldenk1@acquirethisname.com,Male,110.136.179.102
723,Jermaine,Manilove,jmanilovek2@sogou.com,Male,111.153.146.122
724,Dasha,Node,dnodek3@salon.com,Female,102.171.11.199
725,Leta,Kintish,lkintishk4@multiply.com,Female,24.191.123.204
726,Claudian,Wytchard,cwytchardk5@shop-pro.jp,Male,69.54.249.128
727,Turner,Kedge,tkedgek6@typepad.com,Male,237.48.49.65
728,Jackquelin,Bainbrigge,jbainbriggek7@themeforest.net,Female,253.124.28.230
729,Joan,Notton,jnottonk8@bloglovin.com,Female,149.245.191.44
730,Reginauld,Wooding,rwoodingk9@hc360.com,Male,61.157.23.14
731,Geri,Wardington,gwardingtonka@nih.gov,Male,58.99.166.10
732,Grove,Scarlet,gscarletkb@ocn.ne.jp,Male,24.78.14.163
733,Dehlia,Maleby,dmalebykc@yolasite.com,Female,241.62.141.108
734,Rriocard,Dreini,rdreinikd@fastcompany.com,Male,68.233.20.58
735,Juliann,Empringham,jempringhamke@businessweek.com,Female,255.78.166.145
736,Walt,Pulham,wpulhamkf@theglobeandmail.com,Male,157.35.251.231
737,Alice,Banthorpe,abanthorpekg@scientificamerican.com,Female,220.229.45.114
738,Brant,Bohea,bboheakh@tuttocitta.it,Male,188.92.64.17
739,Carolan,Crust,ccrustki@economist.com,Female,38.25.76.55
740,Kizzie,Frondt,kfrondtkj@nationalgeographic.com,Female,248.167.78.129
741,Ugo,Eccleston,uecclestonkk@so-net.ne.jp,Male,3.143.124.85
742,Hasty,Mateiko,hmateikokl@bloglines.com,Male,73.223.12.175
743,Scarlett,Gosford,sgosfordkm@baidu.com,Female,154.249.84.165
744,Harriott,Esparza,hesparzakn@creativecommons.org,Female,237.127.214.16
745,Alikee,Simnett,asimnettko@msu.edu,Female,209.96.187.162
746,Gard,Reitenbach,greitenbachkp@discuz.net,Male,2.45.100.117
747,Rickie,McCuaig,rmccuaigkq@twitter.com,Male,123.156.180.244
748,Thekla,Raith,traithkr@feedburner.com,Female,167.21.3.118
749,Van,Ropp,vroppks@fc2.com,Male,25.205.68.88
750,Husein,Frie,hfriekt@squarespace.com,Male,236.0.244.123
751,Ariel,Casswell,acasswellku@cafepress.com,Male,153.137.40.160
752,Holmes,Weedenburg,hweedenburgkv@washingtonpost.com,Male,165.29.99.37
753,Celie,Leynton,cleyntonkw@dagondesign.com,Female,32.183.229.227
754,Phillie,Scutchings,pscutchingskx@slashdot.org,Female,7.84.194.20
755,Raimund,Chessill,rchessillky@youtube.com,Male,32.90.79.66
756,Art,Domenichelli,adomenichellikz@desdev.cn,Male,170.1.72.191
757,Elmer,Mephan,emephanl0@guardian.co.uk,Male,130.252.10.223
758,Quill,Gladbach,qgladbachl1@360.cn,Male,235.31.175.80
759,Nikaniki,Trollope,ntrollopel2@bbb.org,Female,49.209.181.10
760,Annis,Brodeur,abrodeurl3@si.edu,Female,156.62.41.4
761,Aubrie,Burbank,aburbankl4@ow.ly,Female,184.122.252.185
762,Teodoro,Ashford,tashfordl5@usgs.gov,Male,127.147.94.123
763,Nicoli,Merck,nmerckl6@nature.com,Female,101.241.179.13
764,Donavon,Clapp,dclappl7@wunderground.com,Male,207.58.234.43
765,Bancroft,Valens-Smith,bvalenssmithl8@nationalgeographic.com,Genderfluid,160.120.153.210
766,Abbe,Cripps,acrippsl9@mozilla.org,Male,95.125.109.175
767,Lenci,Lynn,llynnla@altervista.org,Male,38.21.238.40
768,Marcela,Baumford,mbaumfordlb@stanford.edu,Female,165.161.10.187
769,Anna-maria,Gooder,agooderlc@mediafire.com,Female,177.46.54.27
770,Alejoa,Gerretsen,agerretsenld@arstechnica.com,Male,204.157.87.195
771,Glendon,Longfut,glongfutle@virginia.edu,Male,30.106.247.120
772,Alwyn,Cosin,acosinlf@hatena.ne.jp,Male,162.64.150.156
773,Jephthah,Walster,jwalsterlg@sakura.ne.jp,Male,117.246.27.121
774,Spenser,Iacomo,siacomolh@seesaa.net,Male,53.136.156.154
775,Eduardo,Philipps,ephilippsli@people.com.cn,Agender,240.203.3.129
776,Jody,Thaxton,jthaxtonlj@multiply.com,Female,217.234.230.116
777,Ola,Mattei,omatteilk@1688.com,Female,52.89.45.213
778,Lev,Peaddie,lpeaddiell@dot.gov,Male,102.78.9.79
779,Pascale,Ezele,pezelelm@simplemachines.org,Male,144.45.91.96
780,Ephraim,Estrella,eestrellaln@europa.eu,Male,194.147.33.183
781,Fran,Antushev,fantushevlo@dion.ne.jp,Genderqueer,35.36.136.188
782,Haywood,Cuchey,hcucheylp@comsenz.com,Male,30.158.64.244
783,West,Fulstow,wfulstowlq@purevolume.com,Male,81.200.82.97
784,Henrietta,St. Queintain,hstqueintainlr@huffingtonpost.com,Female,123.18.233.114
785,Joshuah,McPeck,jmcpeckls@clickbank.net,Male,69.116.222.25
786,Elvis,Allner,eallnerlt@elpais.com,Genderqueer,14.92.6.36
787,Cale,Barfoot,cbarfootlu@java.com,Male,117.11.38.60
788,Ernaline,Jagger,ejaggerlv@behance.net,Female,171.151.104.83
789,Kristian,Capelow,kcapelowlw@hao123.com,Male,1.15.158.62
790,Rosanne,Coggeshall,rcoggeshalllx@prweb.com,Female,11.223.6.188
791,Else,Evason,eevasonly@indiatimes.com,Female,131.94.205.153
792,Modestia,McPhilemy,mmcphilemylz@tinypic.com,Agender,147.102.61.15
793,Flori,Toyne,ftoynem0@businessinsider.com,Female,74.8.186.31
794,Goldy,Dowall,gdowallm1@examiner.com,Female,193.19.11.222
795,Angela,Meekin,ameekinm2@yolasite.com,Female,52.46.25.5
796,Josee,Tanzer,jtanzerm3@trellian.com,Female,203.105.116.184
797,Lyssa,Byllam,lbyllamm4@virginia.edu,Female,234.1.184.250
798,Nathalia,Martugin,nmartuginm5@buzzfeed.com,Genderfluid,74.90.232.239
799,Elroy,Gaffon,egaffonm6@imdb.com,Male,174.33.81.190
800,Tobin,Hubner,thubnerm7@shinystat.com,Male,177.54.107.5
801,Alexi,Tapenden,atapendenm8@zdnet.com,Female,236.189.16.241
802,Kaycee,Loveredge,kloveredgem9@pcworld.com,Female,122.124.4.9
803,Emalia,Milward,emilwardma@npr.org,Female,252.241.21.205
804,Jedidiah,Nolte,jnoltemb@timesonline.co.uk,Male,222.179.192.64
805,Angele,Woodruff,awoodruffmc@tumblr.com,Female,185.171.167.173
806,Jeffrey,Purkis,jpurkismd@hugedomains.com,Male,75.179.47.122
807,Sarina,Thrussell,sthrussellme@npr.org,Female,135.11.169.79
808,Conn,Mompesson,cmompessonmf@ameblo.jp,Male,37.43.162.9
809,Brandtr,Dockery,bdockerymg@odnoklassniki.ru,Male,16.209.164.156
810,Mariel,Ronaldson,mronaldsonmh@go.com,Female,183.101.160.43
811,Linnell,Doxsey,ldoxseymi@amazon.co.jp,Female,194.12.42.105
812,Nike,Biagioni,nbiagionimj@cbslocal.com,Female,191.190.24.80
813,Rog,Treweek,rtreweekmk@upenn.edu,Male,72.92.88.3
814,Adrian,MacGorrie,amacgorrieml@senate.gov,Female,85.87.110.176
815,Connie,Asgodby,casgodbymm@acquirethisname.com,Female,255.26.159.37
816,Cathie,Dashkovich,cdashkovichmn@ebay.com,Female,209.213.180.53
817,Joan,Culy,jculymo@house.gov,Female,68.53.83.197
818,Marty,Rackley,mrackleymp@google.com,Female,91.240.196.251
819,Stanly,Jeffries,sjeffriesmq@joomla.org,Male,211.45.28.178
820,Torre,Fine,tfinemr@cloudflare.com,Male,241.52.135.88
821,Tessy,Davidson,tdavidsonms@mapy.cz,Female,198.114.24.72
822,Alwyn,Mordanti,amordantimt@drupal.org,Male,38.122.194.180
823,Giusto,Kornousek,gkornousekmu@admin.ch,Male,117.46.162.119
824,Bondie,Sagg,bsaggmv@pbs.org,Male,1.99.197.204
825,Goldarina,Lindenberg,glindenbergmw@technorati.com,Female,232.152.189.172
826,Amitie,Brigg,abriggmx@google.com.au,Female,18.135.198.242
827,Robbie,Schoolcroft,rschoolcroftmy@state.gov,Female,222.226.52.96
828,Alonzo,O'Corrin,aocorrinmz@moonfruit.com,Male,254.16.202.169
829,Leonelle,Scherer,lscherern0@nba.com,Female,89.11.122.9
830,Dyann,Beedom,dbeedomn1@sitemeter.com,Female,169.236.70.107
831,Jocelin,MacSkeagan,jmacskeagann2@timesonline.co.uk,Female,82.115.19.226
832,Muire,Coltart,mcoltartn3@bing.com,Female,239.94.77.128
833,Truman,Blampied,tblampiedn4@irs.gov,Male,29.87.222.124
834,Kendre,Twidle,ktwidlen5@godaddy.com,Female,123.228.163.238
835,Giulia,Hansemann,ghansemannn6@ca.gov,Female,44.242.62.90
836,Errick,Lown,elownn7@epa.gov,Male,94.163.204.85
837,Vassili,Brownlea,vbrownlean8@hc360.com,Male,159.243.187.89
838,Diandra,Elcoux,delcouxn9@answers.com,Non-binary,23.202.166.71
839,Kiley,Kubica,kkubicana@liveinternet.ru,Male,162.188.128.22
840,Tallou,Bamb,tbambnb@sphinn.com,Female,189.178.241.69
841,Umeko,Gillanders,ugillandersnc@storify.com,Female,19.143.72.111
842,Blondy,Jumeau,bjumeaund@telegraph.co.uk,Female,58.6.167.70
843,Ruggiero,Crat,rcratne@unblog.fr,Male,167.247.164.222
844,Kellyann,Madgewick,kmadgewicknf@stumbleupon.com,Female,213.225.4.53
845,Melisande,Wilcocks,mwilcocksng@nydailynews.com,Female,179.240.167.204
846,Lura,Noell,lnoellnh@4shared.com,Female,210.61.132.198
847,Lea,Rottcher,lrottcherni@imdb.com,Female,110.167.200.203
848,Tan,Greenshields,tgreenshieldsnj@livejournal.com,Male,98.228.79.43
849,Rennie,Schwander,rschwandernk@techcrunch.com,Female,252.79.234.185
850,Pamela,Braam,pbraamnl@vkontakte.ru,Female,222.41.109.88
851,Joell,Breheny,jbrehenynm@purevolume.com,Female,16.202.230.96
852,Terrence,Littlecote,tlittlecotenn@pen.io,Male,40.234.53.114
853,Benedicta,Redit,breditno@hostgator.com,Female,224.211.19.110
854,Bernadette,Cherrison,bcherrisonnp@netlog.com,Genderfluid,31.212.110.146
855,Hodge,Dobrovolski,hdobrovolskinq@skyrock.com,Male,184.26.166.162
856,Burg,Huskisson,bhuskissonnr@prweb.com,Male,45.88.228.166
857,Thalia,Bearfoot,tbearfootns@wiley.com,Female,139.91.49.1
858,Everard,Disney,edisneynt@adobe.com,Genderqueer,115.216.62.49
859,Levy,Corck,lcorcknu@github.io,Male,146.215.8.155
860,Chiquia,Carding,ccardingnv@engadget.com,Female,98.41.211.137
861,Brandi,Emor,bemornw@myspace.com,Female,146.80.226.238
862,Ekaterina,Letchford,eletchfordnx@amazonaws.com,Female,223.206.42.130
863,Modestine,Batch,mbatchny@latimes.com,Female,4.223.126.79
864,Kiah,Robke,krobkenz@alibaba.com,Female,207.151.203.170
865,Ferdie,Alvey,falveyo0@nasa.gov,Male,173.124.124.17
866,Lorry,Myrkus,lmyrkuso1@parallels.com,Female,70.224.152.222
867,Loralyn,Cadreman,lcadremano2@smugmug.com,Female,67.82.87.34
868,Martie,Dearlove,mdearloveo3@hostgator.com,Male,235.218.130.185
869,Eli,Dillestone,edillestoneo4@odnoklassniki.ru,Male,226.255.180.167
870,Joice,Fulep,jfulepo5@yandex.ru,Female,86.164.102.203
871,Moe,Blumire,mblumireo6@meetup.com,Male,149.130.19.4
872,Peyter,Demanche,pdemancheo7@jigsy.com,Male,107.73.1.248
873,Arie,Kynvin,akynvino8@omniture.com,Male,224.103.48.190
874,Erwin,Okell,eokello9@smugmug.com,Male,155.68.104.41
875,Floria,Ramplee,frampleeoa@merriam-webster.com,Female,253.48.50.41
876,Lark,McGaughie,lmcgaughieob@dmoz.org,Female,236.74.113.79
877,Sioux,Ganforthe,sganfortheoc@uiuc.edu,Female,229.67.128.35
878,Dana,Molden,dmoldenod@slashdot.org,Male,229.181.72.58
879,Serge,Bryns,sbrynsoe@wisc.edu,Male,217.127.84.134
880,Sarah,Rackam,srackamof@nih.gov,Female,213.193.192.215
881,Shellysheldon,Lupton,sluptonog@about.me,Male,43.97.126.21
882,Genevieve,Trees,gtreesoh@epa.gov,Female,251.246.188.139
883,Tomasina,Yerby,tyerbyoi@engadget.com,Female,81.20.141.159
884,Nicolle,Danbrook,ndanbrookoj@webmd.com,Female,122.189.147.232
885,Tracey,Grosier,tgrosierok@google.com,Male,219.249.129.156
886,Enrika,Symers,esymersol@moonfruit.com,Female,25.40.114.59
887,Aubry,Claige,aclaigeom@walmart.com,Female,86.150.149.22
888,Reamonn,Winchurst,rwinchurston@psu.edu,Male,23.159.82.167
889,Rosalinde,Ledward,rledwardoo@drupal.org,Female,207.102.133.168
890,Cori,De Miranda,cdemirandaop@businessinsider.com,Female,88.111.144.205
891,Branden,Janodet,bjanodetoq@reverbnation.com,Male,224.115.177.100
892,Robers,Gartin,rgartinor@elegantthemes.com,Male,232.48.73.20
893,Zolly,Dudderidge,zdudderidgeos@fotki.com,Male,109.187.82.137
894,Torr,Wyldes,twyldesot@tinyurl.com,Male,59.200.163.127
895,Ware,Rodgier,wrodgierou@tamu.edu,Male,173.147.29.179
896,Ricoriki,Mitham,rmithamov@bloomberg.com,Male,162.168.98.80
897,Shayna,Freeborne,sfreeborneow@bloomberg.com,Female,164.89.177.112
898,Nisse,Niesing,nniesingox@cafepress.com,Female,217.149.52.50
899,Esdras,Cowlas,ecowlasoy@japanpost.jp,Male,171.70.1.66
900,Scarface,Lamlin,slamlinoz@vkontakte.ru,Male,156.161.230.114
901,Major,Senn,msennp0@fema.gov,Male,128.61.158.122
902,Melitta,Mecchi,mmecchip1@illinois.edu,Bigender,29.244.45.45
903,Alvy,Wigfield,awigfieldp2@freewebs.com,Male,207.160.121.153
904,Christos,Wheelton,cwheeltonp3@economist.com,Male,226.8.252.227
905,Orville,Longwood,olongwoodp4@va.gov,Male,144.0.236.204
906,Tanner,Di Boldi,tdiboldip5@stanford.edu,Male,188.142.208.2
907,Rusty,Simkovich,rsimkovichp6@prnewswire.com,Male,103.119.15.41
908,Derrek,Srawley,dsrawleyp7@rakuten.co.jp,Male,156.248.151.228
909,Simonette,Radbourne,sradbournep8@senate.gov,Female,106.138.209.149
910,Clementine,Rubinivitz,crubinivitzp9@statcounter.com,Female,31.244.181.17
911,Rubin,Empringham,rempringhampa@wordpress.com,Male,231.119.136.70
912,Alaster,Conboy,aconboypb@creativecommons.org,Male,232.99.55.138
913,Berkeley,Muttitt,bmuttittpc@altervista.org,Male,237.238.237.169
914,Clary,Postance,cpostancepd@gnu.org,Female,250.198.225.241
915,Tait,Fidelus,tfideluspe@ifeng.com,Male,110.238.117.137
916,Brook,Harwell,bharwellpf@instagram.com,Female,100.155.33.72
917,Eduino,Coath,ecoathpg@zdnet.com,Male,2.168.231.238
918,Wallis,Saywell,wsaywellph@ow.ly,Male,209.114.73.38
919,Barbi,Lukesch,blukeschpi@hp.com,Female,214.83.76.156
920,Patrizius,Jelks,pjelkspj@tuttocitta.it,Male,56.43.71.160
921,Hirsch,Laugherane,hlaugheranepk@hostgator.com,Male,189.40.155.75
922,Jedediah,Macoun,jmacounpl@intel.com,Male,18.68.43.104
923,Carrie,Dusting,cdustingpm@amazonaws.com,Female,99.227.152.41
924,Reagan,Goter,rgoterpn@mail.ru,Male,22.28.222.191
925,Timmie,Banham,tbanhampo@scientificamerican.com,Male,175.57.23.142
926,Danya,Gozard,dgozardpp@rediff.com,Male,173.217.131.230
927,Tera,Joney,tjoneypq@netscape.com,Female,47.97.115.136
928,Torrence,Caistor,tcaistorpr@twitpic.com,Male,42.35.244.208
929,Candi,Kent,ckentps@quantcast.com,Female,119.195.64.187
930,Farly,Manilove,fmanilovept@msn.com,Male,164.216.174.200
931,Debbi,Rosebotham,drosebothampu@creativecommons.org,Female,160.3.215.199
932,Jim,Chislett,jchislettpv@weather.com,Male,130.55.144.42
933,Barbie,Yashin,byashinpw@un.org,Female,112.126.65.64
934,Rorie,Brockington,rbrockingtonpx@msn.com,Female,9.202.185.70
935,Andrej,Learoid,alearoidpy@linkedin.com,Male,236.72.189.84
936,Bail,Derwin,bderwinpz@huffingtonpost.com,Male,213.72.241.108
937,Anthe,Blaylock,ablaylockq0@weather.com,Female,117.22.252.70
938,Griff,Dougherty,gdoughertyq1@cafepress.com,Male,238.73.66.101
939,Wash,Thowless,wthowlessq2@ustream.tv,Male,49.247.205.225
940,Tanner,Salatino,tsalatinoq3@craigslist.org,Male,55.72.165.182
941,Andie,Bulch,abulchq4@paypal.com,Male,159.92.75.76
942,Donni,Arlett,darlettq5@fc2.com,Female,176.22.161.234
943,Rose,Pattie,rpattieq6@house.gov,Female,0.111.87.194
944,Kacy,Keeves,kkeevesq7@opera.com,Female,137.188.118.82
945,Filip,Mendez,fmendezq8@wsj.com,Male,224.126.251.61
946,Nathanael,Comi,ncomiq9@woothemes.com,Male,219.163.226.17
947,Symon,Shulem,sshulemqa@newyorker.com,Male,99.6.135.255
948,Rozalie,Selby,rselbyqb@gnu.org,Female,247.24.0.129
949,Blake,Kernan,bkernanqc@europa.eu,Male,227.125.190.123
950,Emeline,Geraudy,egeraudyqd@senate.gov,Female,51.69.126.67
951,Bernadina,Few,bfewqe@pagesperso-orange.fr,Female,170.164.105.142
952,Goran,Shevelin,gshevelinqf@github.com,Male,128.55.10.210
953,Lorant,Emig,lemigqg@alexa.com,Male,175.29.171.102
954,Bell,Edgars,bedgarsqh@unesco.org,Female,50.157.196.66
955,Rex,Reymers,rreymersqi@istockphoto.com,Male,129.245.165.230
956,Geoffrey,de Verson,gdeversonqj@google.co.uk,Male,85.7.173.116
957,Hendrika,Speddin,hspeddinqk@washington.edu,Female,37.106.64.141
958,Katy,Jenson,kjensonql@sogou.com,Female,183.156.1.125
959,Robin,Galer,rgalerqm@sciencedaily.com,Female,22.3.170.45
960,Myrwyn,Aphale,maphaleqn@amazon.de,Genderqueer,9.6.226.106
961,Melodie,Vooght,mvooghtqo@dmoz.org,Genderqueer,200.82.102.119
962,Theda,Mullin,tmullinqp@yellowbook.com,Female,162.120.133.0
963,Petronella,Tait,ptaitqq@histats.com,Female,132.203.114.176
964,Paxton,McKaile,pmckaileqr@wunderground.com,Male,22.205.102.206
965,Veronica,Drewet,vdrewetqs@google.com,Female,56.156.118.69
966,Briant,Drakeford,bdrakefordqt@prlog.org,Male,16.82.191.224
967,Prescott,Handasyde,phandasydequ@answers.com,Male,208.201.181.246
968,Wallie,Michieli,wmichieliqv@answers.com,Male,142.105.177.200
969,Rip,Leven,rlevenqw@mysql.com,Male,87.22.219.142
970,Dorian,Leat,dleatqx@shareasale.com,Female,130.204.51.104
971,Thorn,Wearden,tweardenqy@netscape.com,Male,94.109.77.198
972,Gibby,Fradgley,gfradgleyqz@typepad.com,Male,88.7.234.121
973,Livvie,Truin,ltruinr0@tripod.com,Female,13.77.83.209
974,Lela,Ellard,lellardr1@businessweek.com,Female,107.15.167.225
975,Flemming,Brittoner,fbrittonerr2@unicef.org,Male,161.0.119.197
976,Marice,Victory,mvictoryr3@cocolog-nifty.com,Female,37.229.96.12
977,Binnie,Brash,bbrashr4@psu.edu,Female,105.65.139.59
978,Leon,Laidel,llaidelr5@washingtonpost.com,Male,231.48.5.136
979,Carmelia,Angel,cangelr6@skyrock.com,Female,67.191.173.11
980,Elmira,Batchellor,ebatchellorr7@scientificamerican.com,Female,54.177.251.209
981,Jordanna,Blackborn,jblackbornr8@imgur.com,Female,18.128.167.92
982,Ammamaria,Bissell,abissellr9@kickstarter.com,Female,131.7.236.134
983,Freeman,Barts,fbartsra@hatena.ne.jp,Male,161.183.155.67
984,Sheff,Gumey,sgumeyrb@feedburner.com,Male,236.24.20.109
985,Cordelia,Zannotti,czannottirc@sourceforge.net,Female,195.122.208.78
986,Etan,Vossgen,evossgenrd@tiny.cc,Bigender,245.52.42.164
987,Sinclair,Diboll,sdibollre@who.int,Male,162.169.158.253
988,Shandeigh,MacMoyer,smacmoyerrf@youtu.be,Non-binary,169.145.232.162
989,Maddi,Stoacley,mstoacleyrg@livejournal.com,Female,184.76.69.63
990,Kayley,Boschmann,kboschmannrh@ezinearticles.com,Female,68.193.145.134
991,Carolus,Tidcomb,ctidcombri@unblog.fr,Male,146.168.240.55
992,Bordy,Sarra,bsarrarj@dailymotion.com,Male,251.95.92.232
993,Chic,Lapping,clappingrk@bluehost.com,Male,169.229.174.162
994,Berne,McQuade,bmcquaderl@imageshack.us,Male,185.247.171.63
995,Gael,Worgan,gworganrm@ucla.edu,Male,118.241.21.254
996,Robinson,Gheorghie,rgheorghiern@blogspot.com,Male,120.239.217.151
997,Ferrel,Blazej,fblazejro@theatlantic.com,Male,165.29.173.124
998,Cassandry,Curnock,ccurnockrp@pbs.org,Female,36.22.126.163
999,Doralyn,Swanborrow,dswanborrowrq@washington.edu,Female,215.90.218.73
1000,Irina,Tremolieres,itremolieresrr@mayoclinic.com,Female,204.167.78.183
